,City,Country,Latitude,Longitude,Temperature (F),Humidity (%),Cloudiness (%),Wind Speed (MPH)
0,Margate,GB,51.38,1.39,47.66,70,3,7.0
1,Butaritari,KI,3.07,172.79,83.55,80,99,16.55
2,Villa de Reyes,MX,21.8,-100.93,73.4,23,20,5.82
3,Sturgeon Bay,US,44.83,-87.38,45.41,93,90,9.06
4,Jamestown,US,42.1,-79.24,40.21,64,1,10.29
5,Punta Arenas,CL,-53.15,-70.92,41.0,80,75,10.29
6,New Norfolk,AU,-42.78,147.06,53.83,73,89,1.66
7,College,US,64.86,-147.8,41.09,86,90,2.1
8,Klaksvík,FO,62.23,-6.59,42.8,87,0,8.05
9,Yellowknife,CA,62.46,-114.35,29.8,74,75,18.34
10,Cabo San Lucas,MX,22.89,-109.91,65.52,85,0,11.01
11,Dudinka,RU,69.41,86.18,37.4,74,100,40.26
12,Provideniya,RU,64.38,-173.3,22.5,95,100,14.41
13,Khatanga,RU,71.97,102.5,27.57,96,0,6.02
14,Tabou,CI,4.42,-7.35,78.62,87,100,6.24
15,Nara,JP,34.69,135.8,65.5,55,75,2.24
16,Narsaq,GL,60.92,-46.05,26.6,73,100,2.24
17,Albany,US,42.6,-73.97,28.96,89,0,5.35
18,Bambanglipuro,ID,-7.95,110.28,86.31,66,89,6.33
19,Ancud,CL,-41.87,-73.82,50.0,81,40,8.05
20,Port Blair,IN,11.67,92.75,84.69,75,14,9.62
21,Katsuura,JP,35.13,140.3,66.96,55,0,11.99
22,Cape Town,ZA,-33.93,18.42,60.76,93,90,5.82
23,Rikitea,PF,-23.12,-134.97,77.68,70,80,9.48
24,Kalinovskaya,RU,43.58,45.52,59.0,62,88,4.47
25,Berlevåg,NO,70.86,29.09,38.43,91,100,6.6
26,Saint Paul Harbor,US,57.79,-152.41,44.6,75,90,4.7
27,Mataura,NZ,-46.19,168.86,48.99,77,57,5.99
28,Nantucket,US,41.28,-70.1,38.57,80,1,10.29
29,Hong Kong,HK,22.29,114.16,77.79,86,29,7.0
30,Marabu,MY,4.41,114.01,89.31,75,75,6.93
31,Lebu,CL,-37.62,-73.65,53.1,90,90,2.62
32,Terney,RU,45.05,136.61,47.53,56,24,4.81
33,Mahébourg,MU,-20.41,57.7,81.84,58,20,11.41
34,Tuktoyaktuk,CA,69.45,-133.04,-0.4,84,75,10.29
35,Puerto Escondido,MX,15.85,-97.07,79.95,76,28,3.94
36,Busselton,AU,-33.65,115.33,66.97,33,25,17.52
37,Thompson,CA,55.74,-97.86,-7.6,69,5,3.96
38,Zhenlai,CN,45.85,123.3,69.26,21,100,22.93
39,Hamilton,US,39.18,-84.53,41.58,80,1,6.93
40,Leningradskiy,RU,69.38,178.42,4.48,89,20,7.56
41,Bredasdorp,ZA,-34.53,20.04,60.8,59,93,3.36
42,Arona,ES,28.1,-16.68,52.74,72,20,5.82
43,Gouré,NE,13.98,10.27,78.4,14,35,7.99
44,Faanui,PF,-16.48,-151.75,83.21,74,80,11.77
45,Avarua,CK,-21.21,-159.78,78.8,78,47,9.17
46,Mehamn,NO,71.04,27.85,38.05,90,98,13.76
47,Upernavik,GL,72.79,-56.15,20.17,93,98,14.92
48,Aliaga,PH,15.52,120.87,95.0,50,75,4.7
49,Tiksi,RU,71.69,128.87,17.6,89,70,4.76
50,Vaini,TO,-21.2,-175.2,78.8,78,40,10.29
51,Hobart,AU,-42.88,147.33,54.19,66,75,9.17
52,Tuatapere,NZ,-46.13,167.68,48.99,77,67,5.99
53,Lüderitz,NA,-26.65,15.16,59.0,87,8,3.36
54,Puerto Ayora,EC,-0.74,-90.35,79.0,89,13,7.0
55,Sitka,US,57.05,-135.33,44.04,93,20,11.41
56,Vanimo,PG,-2.67,141.3,86.41,67,15,6.58
57,Aiken,US,33.58,-81.6,51.01,76,1,4.7
58,Melbu,NO,68.5,14.83,42.01,89,100,4.16
59,Rocha,UY,-34.48,-54.33,57.78,92,0,7.65
60,Lumut,MY,4.23,100.63,91.17,70,40,3.36
61,Faranah,GN,10.04,-10.74,74.43,73,99,4.74
62,Ushuaia,AR,-54.8,-68.3,44.6,75,40,16.11
63,Shaunavon,CA,49.65,-108.42,31.42,61,90,4.34
64,Fallon,US,39.47,-118.78,52.25,43,40,6.93
65,Mildura,AU,-34.2,142.15,68.0,42,58,8.05
66,Kaitangata,NZ,-46.28,169.85,51.35,60,64,3.0
67,Bethel,US,41.37,-73.41,30.45,92,1,6.91
68,Qaanaaq,GL,77.48,-69.36,14.74,84,100,18.52
69,Marsá Maţrūḩ,EG,31.35,27.25,55.4,82,0,5.61
70,Patea,NZ,-39.76,174.48,57.31,84,100,13.98
71,Bambous Virieux,MU,-20.34,57.76,81.73,58,20,11.41
72,Ubrique,ES,36.68,-5.45,54.54,93,100,4.7
73,Lingyuan,CN,41.24,119.4,64.0,27,94,13.49
74,Amga,RU,60.9,131.96,22.35,83,63,7.85
75,Kondinskoye,RU,59.65,67.41,47.62,55,63,13.4
76,Atuona,PF,-9.8,-139.03,82.45,75,68,16.37
77,George Town,MY,5.41,100.34,91.0,70,20,8.05
78,Raudeberg,NO,61.99,5.14,45.07,75,4,3.36
79,Sinnamary,GF,5.38,-52.95,79.18,85,92,9.86
80,Severo-Kuril'sk,RU,50.68,156.12,31.59,93,71,18.95
81,Tebingtinggi,ID,3.33,99.16,87.8,74,75,5.82
82,Saint George,US,37.1,-113.58,55.67,54,1,4.7
83,East London,ZA,-33.02,27.91,69.8,64,0,11.41
84,Venado Tuerto,AR,-33.75,-61.97,55.0,83,0,10.94
85,Awjilah,LY,29.11,21.29,67.21,35,10,3.2
86,São Filipe,CV,14.9,-24.5,70.83,71,6,15.46
87,Hermanus,ZA,-34.42,19.23,66.99,53,93,10.33
88,North Adams,US,42.7,-73.11,27.48,68,1,5.82
89,Iqaluit,CA,63.75,-68.51,-9.2,76,5,6.93
90,Kiryat Gat,IL,31.61,34.76,67.3,13,4,5.01
91,Comodoro Rivadavia,AR,-45.87,-67.5,57.2,50,8,27.51
92,Eravur,LK,7.77,81.61,90.0,58,29,9.28
93,Natal,BR,-5.79,-35.21,77.0,100,75,4.7
94,Hithadhoo,MV,-0.6,73.08,84.49,74,63,11.72
95,Baruun-Urt,MN,46.68,113.28,42.84,37,93,19.35
96,Antalaha,MG,-14.9,50.28,81.07,70,65,14.81
97,Carnarvon,AU,-24.87,113.63,80.6,61,20,17.22
98,Chokurdakh,RU,70.63,147.92,8.62,93,100,12.53
99,Sosnogorsk,RU,63.6,53.88,37.36,85,100,1.59
100,Paciran,ID,-6.88,112.38,89.26,62,64,1.72
101,Guiratinga,BR,-16.35,-53.76,68.23,84,99,2.06
102,Kapaa,US,22.08,-159.32,72.95,69,75,9.17
103,Verkhnevilyuysk,RU,63.45,120.32,22.84,87,97,7.16
104,Chui,UY,-33.7,-53.46,63.01,90,0,9.64
105,Dhidhdhoo,MV,6.88,73.1,85.89,71,7,10.67
106,Wuwei,CN,37.93,102.64,65.48,15,66,17.29
107,Fortuna,US,40.6,-124.16,49.93,100,90,4.7
108,Norman Wells,CA,65.28,-126.83,32.0,96,90,9.17
109,Beringovskiy,RU,63.05,179.32,20.52,97,100,16.69
110,Edson,CA,53.58,-116.44,28.4,74,1,5.82
111,Barrow,US,71.29,-156.79,3.2,84,90,6.93
112,Qinhuangdao,CN,39.93,119.59,59.45,49,87,12.55
113,Kysyl-Syr,RU,63.9,122.76,19.99,87,14,7.47
114,Winnemucca,US,40.97,-117.74,53.6,30,75,12.75
115,Husavik,IS,66.04,-17.34,35.6,93,90,11.41
116,Laguna,US,38.42,-121.42,53.58,71,1,8.05
117,Saldanha,ZA,-33.01,17.94,57.2,93,96,11.41
118,Lodwar,KE,3.12,35.6,77.97,62,100,19.04
119,Visnes,NO,59.36,5.22,42.15,86,0,2.24
120,Akşehir,TR,38.36,31.42,58.98,30,0,1.41
121,High Level,CA,58.52,-117.14,39.2,55,20,4.7
122,Alice Springs,AU,-23.7,133.88,95.0,16,41,4.7
123,Port Augusta,AU,-32.5,137.77,72.84,29,90,18.34
124,Kavaratti,IN,10.57,72.64,89.6,66,20,5.82
125,Villa Carlos Paz,AR,-31.42,-64.5,61.66,71,0,8.05
126,Tasiilaq,GL,65.61,-37.64,30.2,92,99,19.46
127,Hilo,US,19.73,-155.09,70.38,69,75,3.36
128,Dromolaxia,CY,34.88,33.59,72.57,29,20,3.36
129,Tucumcari,US,35.17,-103.72,57.22,22,1,9.17
130,Canala,NC,-21.53,165.95,82.4,58,22,8.05
131,Bay-Khaak,RU,51.17,94.5,52.07,27,0,3.09
132,Mayo,US,38.89,-76.51,38.19,69,1,4.94
133,Cherskiy,RU,68.75,161.3,8.28,93,7,13.47
134,Lalawigan,PH,11.59,125.47,84.94,71,41,9.93
135,Te Anau,NZ,-45.42,167.72,45.55,68,46,9.04
136,Kruisfontein,ZA,-34.0,24.73,70.2,32,29,9.4
137,Banjar,ID,-8.19,114.97,89.6,70,40,8.05
138,Kavieng,PG,-2.57,150.8,84.13,70,84,4.18
139,North Bend,US,43.41,-124.22,47.52,87,75,4.7
140,Thunder Bay,CA,48.4,-89.32,30.2,74,90,3.36
141,Tromsø,NO,69.65,18.96,40.75,86,90,36.91
142,Bluff,NZ,-46.6,168.33,48.99,77,100,5.99
143,Esperance,AU,-33.87,121.9,71.6,53,75,21.92
144,Adrar,MR,20.5,-10.07,68.77,27,0,17.9
145,Rio Grande,BR,-32.03,-52.1,57.99,96,0,11.54
146,Glenluce,GB,54.88,-4.81,45.0,88,27,3.0
147,Caravelas,BR,-17.71,-39.25,75.47,80,87,14.09
148,Saint Anthony,US,45.02,-93.22,45.63,56,1,6.93
149,Kefamenanu,ID,-9.45,124.48,83.97,55,16,8.77
150,Novikovo,RU,51.15,37.89,43.29,60,48,6.04
151,Dikson,RU,73.51,80.55,35.6,92,100,20.58
152,Karratha,AU,-20.74,116.85,92.75,36,42,12.93
153,Haines Junction,CA,60.75,-137.51,42.82,51,0,1.14
154,Mahibadhoo,MV,3.78,72.97,84.97,77,55,12.28
155,Daloa,CI,6.88,-6.45,72.43,91,70,3.58
156,Puruarán,MX,19.1,-101.53,61.0,72,23,1.01
157,Magistral'nyy,RU,56.17,107.45,29.05,77,99,13.89
158,Vila Velha,BR,-20.33,-40.29,73.71,78,76,8.05
159,Port Alfred,ZA,-33.59,26.89,66.0,80,0,10.0
160,Upington,ZA,-28.45,21.26,73.4,53,20,17.22
161,Stykkisholmur,IS,65.08,-22.73,34.99,91,99,6.58
162,Diego de Almagro,CL,-26.37,-70.05,56.84,49,0,0.29
163,São José da Coroa Grande,BR,-8.9,-35.15,78.89,80,89,1.83
164,Fairbanks,US,64.84,-147.72,40.98,93,90,4.7
165,Sola,VU,-13.88,167.55,83.3,77,80,10.78
166,Zdvinsk,RU,54.7,78.66,55.15,61,94,9.6
167,Isangel,VU,-19.55,169.27,77.0,88,75,5.82
168,Marawi,PH,8.0,124.29,76.68,65,98,3.22
169,Port Elizabeth,ZA,-33.92,25.57,60.8,93,0,3.36
170,Udachny,RU,66.42,112.4,24.8,35,0,6.71
171,Mayumba,GA,-3.43,10.66,78.96,86,86,3.47
172,Saint-Philippe,RE,-21.36,55.77,77.02,65,20,23.04
173,Betioky,MG,-23.72,44.38,80.01,49,0,8.93
174,Flinders,AU,-34.58,150.86,66.6,79,37,1.01
175,Christchurch,NZ,-43.53,172.63,59.32,38,0,17.22
176,Nanortalik,GL,60.14,-45.24,27.84,92,83,7.05
177,Mainit,PH,9.54,125.52,78.53,86,100,6.49
178,Salta,AR,-24.79,-65.41,55.38,93,0,1.19
179,Menongue,AO,-14.66,17.69,64.13,59,96,4.0
180,Saint-Joseph,RE,-21.37,55.62,77.11,65,20,23.04
181,Creel,MX,27.75,-107.63,42.93,40,0,11.65
182,Mossamedes,AO,-15.2,12.15,74.79,71,98,5.86
183,Banes,CU,20.96,-75.72,75.2,88,1,2.24
184,Padang,ID,-0.95,100.35,86.16,71,13,3.38
185,Pevek,RU,69.7,170.31,3.31,94,74,4.61
186,Fare,PF,-16.7,-151.02,83.77,76,70,11.68
187,Deputatsky,RU,69.3,139.9,7.12,81,100,3.44
188,São João da Barra,BR,-21.64,-41.05,70.11,80,100,8.3
189,Cayenne,GF,4.93,-52.33,77.0,100,71,3.36
190,Talnakh,RU,69.49,88.4,37.4,74,100,40.26
191,Ribeira Grande,PT,38.52,-28.7,60.8,72,40,20.8
192,Giddalūr,IN,15.35,78.92,102.02,17,0,3.56
193,Cidreira,BR,-30.18,-50.21,65.95,85,0,12.84
194,Río Gallegos,AR,-51.62,-69.22,41.0,62,91,12.75
195,Nome,US,64.5,-165.41,34.9,93,90,4.7
196,Coyhaique,CL,-45.58,-72.07,42.8,87,99,8.05
197,Castro,BR,-24.79,-50.01,55.02,68,58,5.26
198,La Ronge,CA,55.1,-105.28,30.2,63,90,3.36
199,Ketchikan,US,55.34,-131.65,44.92,81,1,1.86
200,Cedar City,US,37.68,-113.06,42.69,75,1,2.26
201,Māngrol,IN,21.12,70.12,91.02,38,13,12.06
202,Belyy Yar,RU,53.6,91.39,59.0,24,0,8.95
203,Beira,MZ,-19.84,34.84,77.0,78,20,12.75
204,Saint-François,FR,46.42,3.91,48.92,87,96,2.26
205,Hastings,GB,50.86,0.57,44.53,93,7,1.01
206,Bilma,NE,18.69,12.92,82.02,13,22,5.37
207,Tougan,BF,13.07,-3.07,87.69,42,83,10.56
208,Miraflores,MX,19.22,-98.81,68.0,45,75,3.36
209,Hasaki,JP,35.73,140.83,63.81,59,20,20.8
210,Morondava,MG,-20.28,44.28,81.23,65,0,7.38
211,Mwense,ZM,-10.38,28.7,69.75,61,64,7.61
212,Samarai,PG,-10.62,150.67,84.61,72,57,6.8
213,Tommot,RU,58.96,126.29,24.04,83,100,7.25
214,Salinópolis,BR,-0.61,-47.36,80.06,80,98,4.97
215,Kouroussa,GN,10.65,-9.88,77.76,66,95,5.06
216,Ugoofaaru,MV,5.67,73.0,86.47,72,11,12.06
217,Tiznit Province,MA,29.58,-9.5,55.27,75,84,17.69
218,Port Hardy,CA,50.7,-127.42,46.4,93,90,4.7
219,Codrington,AU,-38.27,141.97,62.58,59,96,6.02
220,Mar del Plata,AR,-38.0,-57.56,61.95,82,79,16.11
221,Sisimiut,GL,66.94,-53.67,20.25,92,50,13.65
222,Bathsheba,BB,13.22,-59.52,80.6,69,40,19.46
223,Aklavik,CA,68.22,-135.01,17.6,85,90,9.17
224,Los Llanos de Aridane,ES,28.66,-17.92,62.6,67,40,6.93
225,Bonavista,CA,48.65,-53.11,28.83,95,63,7.18
226,Batemans Bay,AU,-35.72,150.18,60.91,77,42,6.58
227,Sangar,RU,63.92,127.47,22.1,79,9,3.22
228,Adiaké,CI,5.29,-3.3,82.4,88,40,9.17
229,Gorontalo,ID,0.54,123.06,84.67,78,29,1.61
230,Vuktyl,RU,63.86,57.31,35.1,95,100,1.48
231,Atasū,KZ,48.68,71.64,66.51,25,64,8.48
232,Mata Grande,BR,-9.12,-37.73,67.66,85,98,3.36
233,Itainópolis,BR,-7.45,-41.48,71.69,88,100,3.06
234,Birjand,IR,32.87,59.22,62.6,55,20,4.7
235,Tavda,RU,58.04,65.27,48.97,49,43,8.68
236,Cookeville,US,36.16,-85.5,35.64,100,1,4.09
237,Souillac,MU,-20.52,57.52,81.75,58,20,11.41
238,Taganak,PH,6.08,118.3,89.29,66,40,8.05
239,Emerald,AU,-23.53,148.17,93.96,23,13,13.87
240,Russell,US,32.35,-85.2,57.13,87,20,4.45
241,Keti Bandar,PK,24.14,67.45,86.0,58,79,15.1
242,Ilulissat,GL,69.22,-51.1,21.2,62,97,21.92
243,San Patricio,MX,19.22,-104.7,74.43,75,44,8.23
244,Mogadishu,SO,2.04,45.34,87.8,62,75,4.7
245,Noumea,NC,-22.28,166.46,82.78,58,15,8.05
246,Forsytheganj,BY,52.63,29.73,40.55,66,70,8.52
247,Bālāghāt,IN,21.8,80.18,104.79,13,71,3.78
248,San Vicente de Cañete,PE,-13.08,-76.38,70.75,75,7,1.97
249,Acapulco de Juárez,MX,16.86,-99.89,77.0,88,5,4.7
250,Jumla,NP,29.27,82.18,71.01,89,19,6.78
251,Dingle,PH,11.0,122.67,91.69,45,14,14.76
252,Hegang,CN,47.4,130.37,64.69,26,100,13.94
253,Riesi,IT,37.28,14.08,64.0,74,75,3.0
254,Stornoway,GB,58.21,-6.39,33.8,73,0,1.12
255,Saskylakh,RU,71.92,114.08,23.56,91,0,6.17
256,Weligama,LK,5.97,80.42,89.69,62,3,9.71
257,Pontianak,ID,-0.03,109.33,91.4,55,40,4.7
258,Faya,SA,18.39,42.45,67.08,82,40,11.41
259,Lagoa,PT,39.05,-27.98,60.24,66,59,24.16
260,Along,IN,28.17,94.77,70.88,64,86,1.48
261,Marzuq,YE,14.4,46.47,80.67,28,68,5.35
262,Dryden,CA,49.78,-92.75,26.6,49,90,10.29
263,Kunming,CN,25.04,102.72,76.37,31,40,20.13
264,Khovd,MN,48.01,91.64,44.01,29,0,4.9
265,Khowst,AF,33.38,69.88,66.4,27,7,4.47
266,Manokwari,ID,-0.87,134.08,85.55,65,86,3.76
267,Zhezkazgan,KZ,47.8,67.71,69.8,28,42,2.24
268,Saint-Pierre,RE,-21.34,55.48,78.08,65,20,23.04
269,Port Lincoln,AU,-34.73,135.87,69.04,46,95,15.73
270,Paris,FR,48.85,2.35,54.57,93,90,6.93
271,Arraial do Cabo,BR,-22.97,-42.03,73.09,65,99,3.24
272,Vytegra,RU,61.01,36.45,34.97,85,49,5.23
273,Mariehamn,AX,60.1,19.93,41.0,60,0,6.93
274,Walvis Bay,NA,-22.96,14.51,55.17,93,27,2.24
275,Pimentel,PE,-6.84,-79.93,70.56,84,5,11.68
276,Poum,NC,-20.23,164.02,79.68,77,65,14.25
277,Arbagar,RU,51.94,116.28,34.83,53,69,15.66
278,Caniço,PT,32.63,-16.85,60.8,67,40,6.93
279,Caicó,BR,-6.46,-37.1,75.7,80,79,1.41
280,Najrān,SA,17.49,44.13,84.2,37,75,4.7
281,Chimbote,PE,-9.09,-78.58,69.89,86,31,4.85
282,Naze,JP,28.37,129.48,74.32,78,75,20.8
283,Petrolina de Goiás,BR,-16.09,-49.34,67.59,100,90,9.17
284,Longyearbyen,SJ,78.22,15.64,28.4,79,75,6.93
285,Pelotas,BR,-31.77,-52.34,57.99,97,2,6.42
286,San Vicente,AR,-26.62,-54.13,54.77,69,0,2.04
287,Gamba,GA,-2.65,10.0,78.3,86,99,1.23
288,Kuching,MY,1.55,110.33,87.42,70,40,5.82
289,Santa Rosalía,MX,27.32,-112.28,64.74,48,4,4.7
290,Xiuyan,CN,40.29,123.27,56.3,59,100,11.72
291,Necochea,AR,-38.55,-58.74,60.01,80,100,10.0
292,Chuguyevka,RU,44.17,133.86,61.57,30,80,8.52
293,Kon Tum,VN,14.35,108.0,92.97,38,33,3.11
294,Øksfjord,NO,70.24,22.35,41.0,80,100,11.9
295,Komyshuvakha,UA,47.72,35.53,48.25,42,82,6.71
296,Ahipara,NZ,-35.17,173.17,65.05,81,100,6.8
297,Hofn,IS,64.25,-15.21,45.39,88,97,12.37
298,Kamenka,RU,51.32,42.77,46.99,49,0,7.0
299,Srednekolymsk,RU,67.45,153.68,11.14,91,51,12.46
300,Kyabram,AU,-36.32,145.05,65.01,40,21,4.0
301,Viedma,AR,-40.81,-63.0,68.85,52,63,9.44
302,Vestmannaeyjar,IS,63.44,-20.27,45.88,95,100,20.33
303,Kawalu,ID,-7.38,108.21,89.64,48,88,4.32
304,Igrim,RU,63.19,64.42,36.97,97,99,9.24
305,Mandalgovi,MN,45.76,106.27,40.89,30,0,23.33
306,Nouadhibou,MR,20.93,-17.03,62.6,88,0,17.22
307,Hervey Bay,AU,-25.3,152.85,75.58,78,40,8.05
308,Maragogi,BR,-9.01,-35.22,78.35,81,92,1.5
309,Fuling,CN,29.7,107.39,73.83,57,97,1.57
310,Plaeng Yao,TH,13.58,101.28,91.0,63,85,7.43
311,Richards Bay,ZA,-28.78,32.04,72.75,75,28,9.1
312,Kalangala,UG,-0.31,32.23,69.8,88,20,4.85
313,Vardø,NO,70.37,31.11,35.83,89,100,9.22
314,Bereda,ES,43.27,-7.54,49.5,100,80,4.0
315,Kushmurun,KZ,52.45,64.63,53.69,54,93,7.29
316,Bana,CM,5.15,10.28,63.72,73,98,1.97
317,Macao,MO,22.2,113.55,81.01,88,20,12.75
318,Oriximiná,BR,-1.77,-55.87,75.7,93,100,0.2
319,Coquimbo,CL,-29.95,-71.34,53.6,100,90,3.36
320,Robāţ Karīm,IR,35.48,51.08,66.15,48,20,9.84
321,Geraldton,AU,-28.77,114.6,77.52,47,96,18.34
322,San Cristobal,VE,7.77,-72.22,67.14,63,83,0.45
323,Abhā,SA,18.22,42.51,66.79,82,40,11.41
324,Torbay,CA,47.67,-52.73,27.73,85,75,6.93
325,Nanyuki,KE,0.02,37.07,63.66,46,100,4.25
326,Clyde River,CA,70.47,-68.59,-4.0,91,1,8.05
327,Mount Isa,AU,-20.73,139.5,93.2,15,18,10.29
328,Oktyabr'skiy,RU,54.48,53.47,45.41,55,0,11.25
329,Chernyshevskiy,RU,63.01,112.47,22.57,88,98,7.76
330,Abong Mbang,CM,3.98,13.18,70.25,76,84,4.83
331,Nhulunbuy,AU,-12.23,136.77,87.8,62,40,10.29
332,Vertou,FR,47.17,-1.47,55.69,76,82,8.05
333,Caernarfon,GB,53.14,-4.27,47.98,81,53,4.7
334,Le Port,RE,-20.94,55.29,72.77,88,75,18.34
335,Rawson,AR,-43.3,-65.1,64.49,39,97,21.7
336,Palmer,US,42.16,-72.33,28.94,100,1,3.36
337,Sokoni,TZ,-6.43,39.55,73.9,94,75,9.17
338,Batetskiy,RU,58.65,30.3,35.35,88,95,8.41
339,Lavrentiya,RU,65.58,-171.0,18.48,94,96,8.88
340,Altay,CN,47.87,88.12,56.55,27,52,1.21
341,Touros,BR,-5.2,-35.46,77.0,100,75,4.7
342,Cayhagan,PH,9.67,122.43,87.51,66,56,1.61
343,Santiago del Estero,AR,-27.8,-64.26,61.54,56,0,7.27
344,Coahuayana Viejo,MX,18.73,-103.68,74.5,69,17,3.51
345,Arman',RU,59.7,150.17,15.01,83,33,10.78
346,Yulara,AU,-25.24,130.99,96.8,16,62,9.17
347,Half Moon Bay,US,37.46,-122.43,52.21,66,1,3.36
348,Alofi,NU,-19.06,-169.92,78.8,83,11,13.87
349,Andenes,NO,69.31,16.12,39.74,93,90,17.22
350,Stranda,NO,62.31,6.94,34.3,57,9,0.94
351,Kuldīga,LV,56.97,21.96,42.8,75,0,13.87
352,Constantine,DZ,36.37,6.61,62.6,67,75,5.82
353,Bagdarin,RU,54.43,113.6,25.12,63,91,10.65
354,Ca Mau,VN,9.18,105.15,94.08,42,32,9.35
355,Tessalit,ML,20.2,1.01,73.67,30,95,6.69
356,Millinocket,US,45.66,-68.71,25.7,79,1,3.36
357,Springbok,ZA,-29.66,17.89,60.93,22,68,4.34
358,Sørland,NO,67.67,12.69,41.04,87,99,8.72
359,Inhambane,MZ,-23.86,35.38,78.8,61,20,4.7
360,Bafra,TR,41.57,35.91,59.0,58,0,0.81
361,Palu,ID,-0.89,119.87,84.81,75,46,2.51
362,Tura,IN,25.52,90.22,82.08,57,74,6.62
363,Yanji,CN,42.91,129.51,59.67,36,100,16.15
364,Buchanan,LR,5.88,-10.05,77.0,94,75,2.89
365,São Félix do Xingu,BR,-6.64,-51.99,71.46,91,100,2.73
366,Kyra,RU,49.58,111.98,37.85,40,100,17.2
367,Taman',RU,45.21,36.72,54.27,62,49,8.95
368,Acará,BR,-1.96,-48.2,72.34,97,100,1.43
369,Bilibino,RU,68.05,166.44,9.32,83,40,5.23
370,Aksu,CN,41.12,80.26,65.3,26,100,7.34
371,Siderno,IT,38.28,16.3,63.0,71,53,1.01
372,Inuvik,CA,68.35,-133.72,17.6,85,90,9.17
373,Mount Gambier,AU,-37.83,140.77,62.6,59,75,12.75
374,Tezpur,IN,26.63,92.8,86.38,45,68,2.3
375,Bagotville,AU,-28.98,153.42,75.7,73,1,9.17
376,Kampong Thom,KH,12.71,104.89,94.06,49,70,6.15
377,Nchelenge,ZM,-9.35,28.73,70.03,63,65,7.14
378,Languyan,PH,5.26,120.08,84.72,73,100,6.91
379,Qandala,SO,11.47,49.87,87.62,57,70,5.57
380,Puerto Colombia,CO,10.99,-74.95,78.8,88,20,4.7
381,Porto Santo,PT,33.07,-16.34,59.54,77,40,12.75
382,Pozo Colorado,PY,-23.49,-58.8,60.51,58,0,2.75
383,Eureka,US,40.8,-124.16,51.01,90,80,1.03
384,Lypova Dolyna,UA,50.56,33.8,44.29,57,100,5.32
385,Tucuruí,BR,-3.77,-49.67,72.5,88,84,2.08
386,Grand Gaube,MU,-20.01,57.66,81.52,58,20,11.41
387,Letlhakane,BW,-21.42,25.58,66.43,56,0,14.43
388,Auki,SB,-8.77,160.7,83.03,72,78,1.48
389,Salalah,OM,17.02,54.09,84.2,70,75,9.17
390,Jalu,LY,29.03,21.55,68.31,33,13,3.04
391,Bashtanka,UA,47.41,32.44,50.31,46,79,2.93
392,Krasnoarmiys'k,UA,48.28,37.18,49.03,45,99,2.08
393,Tambopata,PE,-12.73,-69.18,63.36,78,0,1.43
394,Hambantota,LK,6.12,81.12,86.76,71,12,11.45
395,Samoylovka,RU,51.18,43.71,46.99,49,2,7.0
396,Nikolskoye,RU,59.7,30.79,37.42,86,90,11.18
397,Caconda,AO,-13.73,15.07,59.14,61,75,3.96
398,Beloha,MG,-25.17,45.05,78.8,57,0,13.29
399,Bacolod City,PH,10.67,122.95,92.93,45,16,7.4
400,Sheltozero,RU,61.37,35.37,33.53,91,88,9.33
401,Nabire,ID,-3.37,135.48,85.41,65,100,2.98
402,Cap Malheureux,MU,-19.98,57.61,81.5,58,20,11.41
403,Onda,ES,39.97,-0.25,59.32,100,75,1.12
404,Bengkulu,ID,-3.8,102.27,87.84,60,55,5.39
405,Makakilo City,US,21.35,-158.09,73.36,77,1,8.05
406,Grande Prairie,CA,55.17,-118.8,37.4,64,5,9.17
407,Anadyr,RU,64.75,177.48,15.35,85,90,13.42
408,Iquique,CL,-20.22,-70.14,62.6,77,21,0.67
409,Santa Rosa,PH,14.31,121.11,95.27,50,40,10.29
410,Brae,GB,60.4,-1.35,39.15,93,0,5.82
411,Kismayo,SO,-0.36,42.55,84.97,71,100,7.9
412,Nambucca Heads,AU,-30.65,153.0,71.76,60,28,8.05
413,Ponta do Sol,PT,32.67,-17.1,55.99,63,18,13.0
414,Kapit,MY,2.02,112.93,91.63,46,65,2.1
415,Nemuro,JP,43.32,145.57,51.8,43,75,10.29
416,Solnechnyy,RU,50.72,136.63,51.64,41,100,7.81
417,Santa María del Oro,MX,25.93,-105.37,56.55,34,30,8.48
418,Ulladulla,AU,-35.35,150.47,62.46,82,40,12.75
419,Tongliao,CN,43.61,122.27,66.69,25,100,22.93
420,Shakawe,BW,-18.37,21.85,71.24,45,100,6.31
421,Kaputa,ZM,-8.47,29.66,69.51,65,92,7.0
422,Batagay-Alyta,RU,67.8,130.41,14.76,77,91,2.44
423,Lompoc,US,34.64,-120.46,48.27,87,75,6.73
424,Negara,ID,-8.32,114.6,85.51,71,86,2.71
425,Cândido de Abreu,BR,-24.57,-51.33,55.83,80,9,3.33
426,Suzun,RU,53.78,82.31,56.75,42,1,2.39
427,Ixtapa,MX,20.7,-105.2,73.4,83,75,4.7
428,Vao,NC,-22.67,167.48,77.31,74,1,10.71
429,Namatanai,PG,-3.67,152.43,83.84,73,75,7.36
430,Mgandu,TZ,-5.95,34.13,63.57,60,87,6.91
431,Wadi Maliz,TN,36.47,8.55,65.59,93,40,2.24
432,Paraíso,CR,9.84,-83.87,64.99,65,96,1.7
433,Ardrossan,GB,55.65,-4.81,39.06,80,20,6.93
434,Lorengau,PG,-2.02,147.27,84.24,71,8,0.85
435,Bubaque,GW,11.28,-15.83,78.33,54,91,11.77
436,Poronaysk,RU,49.22,143.12,35.06,87,70,9.48
437,Sindor,RU,62.86,51.89,37.96,85,100,3.31
438,Valle d'Aosta,IT,45.77,7.42,46.49,65,80,1.03
439,Tutóia,BR,-2.76,-42.27,77.65,83,87,0.36
440,San Martín,AR,-33.08,-68.47,60.8,67,12,3.4
441,The Pas,CA,53.83,-101.25,17.6,61,90,5.82
442,Basco,PH,20.45,121.97,80.26,87,63,12.3
443,Varangaon,IN,21.02,75.9,101.84,15,79,7.78
444,Magadan,RU,59.57,150.8,16.14,83,64,8.39
445,Meulaboh,ID,4.14,96.13,87.15,64,48,4.27
446,Mariental,NA,-24.63,17.97,75.33,28,64,7.94
447,Westport,US,41.14,-73.36,34.09,69,1,3.36
448,Marquette,US,46.53,-87.63,36.34,86,55,7.52
449,Cajati,BR,-24.74,-48.12,61.43,91,51,2.17
450,Synya,RU,65.37,58.04,34.02,90,100,2.51
451,Great Falls,US,47.5,-111.3,35.42,80,90,6.93
452,Abapó,BO,-18.83,-63.47,56.95,46,0,3.4
453,Novopetrovskoye,RU,55.99,36.47,36.79,86,90,6.71
454,Broken Hill,AU,-31.95,141.43,71.6,30,3,10.29
455,Garissa,KE,-0.45,39.64,82.42,62,100,16.11
456,Wanning,CN,18.8,110.4,84.11,68,15,12.62
457,Trojes,AL,41.76,19.96,53.6,87,40,2.24
458,Pangody,RU,65.85,74.49,38.55,95,100,20.85
459,Azul,AR,-36.78,-59.86,57.99,82,36,9.75
460,Zhigansk,RU,66.77,123.37,16.84,92,45,11.18
461,Pitimbu,BR,-7.47,-34.81,77.0,94,20,3.36
462,Springdale,US,36.19,-94.13,55.13,54,90,3.36
463,Shingū,JP,33.73,135.98,64.4,52,75,13.87
464,Chamba,IN,32.57,76.13,72.01,24,4,6.46
465,Asopós,GR,36.73,22.87,62.6,77,65,0.16
466,Massakory,TD,13.0,15.73,82.62,13,64,12.3
467,Kitui,KE,-1.37,38.01,72.27,56,100,3.78
468,Ellisras,ZA,-23.66,27.74,66.88,58,3,9.98
469,Erode,IN,11.35,77.73,95.85,34,17,5.77
470,Aras,ES,42.56,-2.36,52.27,100,90,2.24
471,Starkville,US,33.45,-88.82,51.87,87,1,3.58
472,Pacific Grove,US,36.62,-121.92,50.34,81,1,3.36
473,Tanout,NE,14.97,8.89,78.28,14,4,7.94
474,Khani,GE,41.96,42.96,55.4,87,58,1.12
475,Vila Franca do Campo,PT,37.72,-25.43,60.8,93,75,8.05
476,Qom,IR,34.64,50.88,68.56,30,99,1.95
477,Taoudenni,ML,22.68,-3.98,76.66,55,91,7.47
478,Ostrovnoy,RU,68.05,39.51,32.65,96,100,17.11
479,Gravelbourg,CA,49.88,-106.55,30.45,68,25,0.98
480,Asău,RO,46.43,26.4,47.59,52,94,6.93
481,Khovu-Aksy,RU,51.13,93.6,48.7,27,0,3.38
482,Liverpool,GB,53.41,-2.98,44.55,87,68,9.17
483,Kirakira,SB,-10.45,161.92,82.29,76,99,2.95
484,Constitución,CL,-35.33,-72.42,56.59,83,10,12.01
485,Pisco,PE,-13.7,-76.22,68.45,82,1,3.36
486,Ryki,PL,51.63,21.93,43.99,54,30,6.69
487,Tawao,MY,4.25,117.89,78.8,94,40,4.7
488,Byron Bay,AU,-28.65,153.62,75.07,73,35,9.17
489,Phuket,TH,8.0,98.25,89.6,62,20,8.05
490,Nizhnevartovsk,RU,60.93,76.55,57.2,44,96,13.42
491,Qui Nhon,VN,13.77,109.23,88.79,57,46,10.0
492,Lata,PT,40.16,-8.33,50.95,97,27,2.91
493,Japura,ID,-0.32,102.35,93.04,48,14,4.05
494,Pleasanton,US,37.66,-121.87,50.65,81,1,5.82
495,Ilhabela,BR,-23.78,-45.36,71.73,76,90,5.73
496,Korla,CN,41.76,86.15,65.53,23,97,5.32
497,Hammerfest,NO,70.66,23.68,37.4,93,98,26.4
498,Deer Lake,CA,49.17,-57.43,14.0,92,5,3.36
499,Redding,US,40.59,-122.39,58.93,55,40,13.87
500,Formosa,AR,-26.18,-58.18,57.2,93,0,2.24
501,Saint-Augustin,CA,51.23,-58.65,22.73,94,4,8.32
502,Muros,ES,42.78,-9.06,46.13,95,0,3.42
503,La Rioja,ES,42.25,-2.5,53.6,100,90,2.24
504,Gucheng,CN,35.91,111.32,70.43,23,6,7.78
505,Lerwick,GB,60.15,-1.15,40.1,87,0,6.93
506,Goderich,CA,43.75,-81.72,44.53,66,58,22.66
507,Morgan City,US,29.7,-91.21,71.19,94,1,11.41
508,Lagos,NG,6.58,3.75,80.6,94,40,8.61
509,Kumul,CN,42.8,93.45,70.83,15,75,7.11
510,Bonthe,SL,7.53,-12.51,78.51,80,100,4.12
511,Darnah,LY,32.77,22.64,60.57,62,13,8.3
512,Airai,TL,-8.93,125.41,72.03,49,37,4.38
513,Broome,US,42.25,-75.83,29.35,79,10,1.01
514,Ciudad Bolivar,VE,8.12,-63.55,78.28,67,55,9.86
515,Cuamba,MZ,-14.8,36.54,72.18,65,29,7.99
516,Luanda,AO,-8.84,13.23,77.0,94,75,3.36
517,Moranbah,AU,-22.0,148.05,90.09,31,32,9.31
518,Tocopilla,CL,-22.09,-70.2,68.11,42,16,2.1
519,Thinadhoo,MV,0.53,72.93,84.43,75,82,11.05
520,Grindavik,IS,63.84,-22.43,41.36,100,90,6.93
521,Skibbereen,IE,51.55,-9.27,48.2,100,90,10.29
522,Gannan,CN,47.91,123.5,56.61,49,100,17.2
523,Tevaitoa,PF,-16.78,-151.5,84.02,74,63,11.56
524,Pingyin,CN,36.28,116.45,64.0,65,68,7.65
525,Huarmey,PE,-10.07,-78.15,71.58,79,58,5.64
526,Mariel,CU,22.99,-82.75,75.09,94,20,3.36
527,Vicuña,CL,-30.03,-70.71,51.08,100,90,3.36
528,Sāveh,IR,35.02,50.36,67.82,29,81,4.65
529,Linxia Chengguanzhen,CN,35.6,103.21,61.72,18,97,8.52
530,Uribia,CO,11.71,-72.27,79.02,75,13,14.05
531,Mitsamiouli,KM,-11.38,43.28,86.0,62,20,5.82
532,Tongchuanshi,CN,35.08,109.09,69.22,28,5,6.06
533,Shenjiamen,CN,29.96,122.3,60.48,91,100,18.23
534,Guerrero Negro,MX,27.98,-114.06,60.12,77,2,17.56
535,Kuli,RU,42.02,47.24,62.6,67,75,6.93
536,Port Hedland,AU,-20.32,118.57,96.8,39,29,12.75
537,Mareeba,AU,-17.0,145.43,87.58,62,32,5.01
538,Seddon,AU,-37.81,144.89,62.91,42,90,8.05
539,Shar,KZ,49.59,81.05,63.28,29,7,6.51
540,Port Macquarie,AU,-31.43,152.92,70.97,73,8,1.99
541,Berezovyy,RU,51.67,135.7,44.49,53,100,4.56
542,Zyukayka,RU,58.2,54.7,42.55,60,33,9.62
543,Cascavel,BR,-24.96,-53.46,55.58,67,0,6.67
544,Ayan,RU,56.45,138.17,21.24,85,100,5.14
545,Mutoko,ZW,-17.4,32.23,66.38,53,16,4.88
546,Chicama,PE,-7.84,-79.15,72.75,74,50,5.61
547,High River,CA,50.58,-113.87,30.0,85,53,4.41
548,Flin Flon,CA,54.77,-101.86,16.7,94,83,5.35
549,Lázaro Cárdenas,MX,17.96,-102.2,74.84,85,94,0.16
550,Rantauprapat,ID,2.1,99.83,88.93,63,98,2.48
551,Itacoatiara,BR,-3.14,-58.44,75.2,100,100,2.24
552,Pangnirtung,CA,66.15,-65.71,0.61,82,94,3.94
553,Bozeman,US,45.68,-111.04,36.34,75,90,2.68
554,Manzhouli,CN,49.6,117.43,43.25,38,52,15.88
555,Levice,SK,48.22,18.61,44.6,81,90,1.12
556,Tumsar,IN,21.38,79.73,109.31,12,57,2.1
557,Cotonou,BJ,6.37,2.42,84.2,83,40,10.29
558,Vaitape,PF,-16.52,-151.75,84.07,74,79,11.77
